respondent,2.Gender,4.Age,5.Profession,6.Do you use Swiggy,7.How do you order food online,8.Do you order food on a frequent basis,9.How many times do you order on an average in a week,10.On what occasion do you usually order food for delivery,11.Which subscription plans do you have,12.What impact does promotion and discounts have on your online ordering habits,13.Which of the following has maximum impact on your food ordering habits in Swiggy [App discounts],13.Which of the following has maximum impact on your food ordering habits in Swiggy [Less delivery time],13.Which of the following has maximum impact on your food ordering habits in Swiggy [Restaurant Cost],"13.Which of the following has maximum impact on your food ordering habits in Swiggy [Less charges{ less delivery fee , tax,etc}]","14.When ordering food online, what is your TOP concern.",15.How likely will you recommend Swiggy to your friends and relatives,16.what is the approximate money you spend on ordering food,17.Are you satisfied ordering food in Swiggy [Row 1],18.Since how long have you been ordering food through Swiggy,19.Did you order from Swiggy during the lockdown,20.As we know Swiggy and Zomato are big competitors in online food delivery which do you prefer and why?
1,Female,20-30 years,Student,Yes,Swiggy,Yes,3 times per week,Randomly,Swiggy Super,3.0,Column 1,,,,Food quality,10.0,<250,Highly Satisfied,More than 2 year,Yes,I prefer swiggy 
2,Male,30-40 years,Employee,Yes,Swiggy,Yes,Daily,Randomly,,5.0,,,,Column 1,Food quality,7.0,<500,Satisfied,More than 2 year,Yes,Swiggy for its service
3,Female,40-50 years,Employee,Yes,Zomato,No,Once per week,Weekends,Zomato Gold,4.0,,,Column 1,,Food quality,9.0,<500,Highly Satisfied,2 year,Yes,Swiggy due to the variety and pricing 
4,Male,20-30 years,Student,Yes,Zomato,Yes,3 times per week,Randomly,Zomato Gold,4.0,,,Column 1,,Food quality,8.0,<500,Satisfied,More than 2 year,Yes,I prefer Zomato as they seem to have a wider selection of restaurants that I prefer as well as offer better discounts.
5,Female,15-20 years,Student,Yes,Swiggy,Maybe,Once per week,Randomly,Dineout,5.0,Column 1,,,,Food quality,10.0,more than 500,Satisfied,1 year,Yes,"Zomato's focus is on food and food alone, Swiggy doesn't do any of this.... Instead, they're focusing on their delivery ecosystem to explore new categories !"
6,Female,15-20 years,Student,Yes,Swiggy,No,,Randomly,,4.0,Column 1,,,,Quick Delivery,7.0,<150,Neutral,6 months,No,"Swiggy, more discounts "
7,Male,20-30 years,Student,Maybe,Zomato,No,Once per week,Randomly,Zomato Gold,4.0,Column 1,,,,Food quality,5.0,<250,Neutral,More than 2 year,Maybe,"zomato , more options"
8,Male,20-30 years,Student,Yes,Swiggy,No,,When I have guests at home,Zomato Gold,2.0,Column 1,,,,Food quality,8.0,<500,Satisfied,1 year,No,Both 
9,Female,15-20 years,Student,No,Restaurant App,No,,Randomly,,1.0,,,,,Food quality,,<500,,,,I don't prefer either as I haven't used either of them. 
10,Male,15-20 years,Student,Yes,Swiggy,Yes,Once per week,Randomly,Dineout,5.0,Column 1,,,Column 1,Food quality,8.0,more than 500,Satisfied,More than 2 year,No,I prefer swiggy because of nice customer support and swiggy has maintained its standards 
11,Female,15-20 years,Student,Yes,Swiggy,Maybe,Once per week,Randomly,Zomato Gold,5.0,,Column 1,Column 1,,Food quality,10.0,<500,Satisfied,1 year,Maybe,Swiggy 
12,Female,15-20 years,Student,No,Zomato,Maybe,Once per week,When I have guests at home,Zomato Gold,3.0,,Column 1,,,Food quality,2.0,more than 500,Neutral,,No,"I prefer Zomato, "
13,Female,20-30 years,Private,Maybe,Swiggy,No,3 times per week,Randomly,Dineout,3.0,Column 1,,Column 1,,Food quality,9.0,more than 500,Satisfied,More than 2 year,Maybe,I prefer both !
14,Female,15-20 years,Student,Yes,Swiggy,No,Once per week,Randomly,Swiggy Super,3.0,Column 1,,Column 1,,Food quality,6.0,<500,Neutral,2 year,No,Swiggy 
15,Male,20-30 years,Student,Yes,Zomato,No,3 times per week,Randomly,Dineout,4.0,,,,Column 1,Food quality,7.0,<500,Satisfied,1 year,Yes,Zomato because its more popular 
16,Female,20-30 years,Student,Maybe,Swiggy,No,Once per week,Weekends,Swiggy Super,1.0,Column 1,,,,Food quality,1.0,more than 500,Satisfied,More than 2 year,Yes,Swiggy
17,Female,20-30 years,Student,No,I call the restaurant directly,No,,Randomly,,3.0,,,,,Food quality,1.0,more than 500,,,No,Swiggy
18,Male,15-20 years,Student,Yes,Swiggy,Yes,3 times per week,Randomly,Swiggy Super,3.0,,,,Column 1,Quick Delivery,6.0,<500,Satisfied,More than 2 year,Yes,Swiggy coz i am used to it 😅
19,Female,20-30 years,Private,Yes,Swiggy,Maybe,Once per week,Randomly,Swiggy Super,4.0,,,,Column 1,Food quality,8.0,<250,Satisfied,2 year,Yes,Zomato - fast delivery 
20,Male,15-20 years,Student,No,Zomato,No,,Randomly,Dineout,1.0,,Column 1,,,Food quality,,<500,,,No,"Zomato, I haven't used swiggy"
21,Male,15-20 years,Student,Maybe,I call the restaurant directly,Maybe,,When there is offer during the occasion,Dineout,4.0,,,,Column 1,,9.0,<500,Satisfied,6 months,Maybe,Swiggy
22,Female,20-30 years,Employee,Yes,Swiggy,Yes,Once per week,Randomly,Swiggy Super,4.0,Column 1,Column 1,Column 1,,Food quality,10.0,<500,Highly Satisfied,More than 2 year,Yes,I like swiggy.
23,Female,15-20 years,Student,Yes,Swiggy,Maybe,Once per week,Randomly,Dineout,3.0,,,Column 1,,Accurate pricing,9.0,more than 500,Highly Satisfied,2 year,No,Swiggy .. because i haven't ordered in zomato
24,Female,20-30 years,Business,Yes,Zomato,No,Once per week,Weekends,Zomato Gold,3.0,Column 1,,,,Food quality,6.0,<250,Neutral,More than 2 year,No,Zomato 
25,Female,15-20 years,Student,Yes,Swiggy,Yes,3 times per week,Randomly,Dineout,5.0,Column 1,,,,Food quality,9.0,<500,Neutral,1 year,Yes,Both are equal
26,Male,20-30 years,Student,Yes,Swiggy,Maybe,Once per week,Randomly,Easy Diner,4.0,Column 1,,,,Food quality,8.0,<500,Satisfied,2 year,Maybe,Swiggy
27,Female,15-20 years,Student,Yes,Swiggy,Yes,Once per week,Randomly,Swiggy Super,5.0,Column 1,Column 1,,,Food quality,8.0,<500,Satisfied,More than 2 year,Yes,"Swiggy, fast delivery "
28,Female,15-20 years,Student,No,Zomato,No,,Randomly,,4.0,Column 1,,Column 1,Column 1,Food quality,9.0,<500,Neutral,1 year,Yes,Zomato.more offers.
29,Female,30-40 years,Employee,No,Zomato,No,Once per week,Weekends,Zomato Gold,3.0,Column 1,,,,Food quality,7.0,more than 500,Satisfied,More than 2 year,Yes,Zomato
30,Male,20-30 years,Student,Yes,Zomato,Maybe,3 times per week,Randomly,,5.0,Column 1,,,,Food quality,7.0,<250,Neutral,More than 2 year,No,"Earlier, Zomato used to give great offers and discounts on their order, and since I am student too it helped me everytime to have the food at a lesser price. But now the scenario is different. I think now i should start using Swiggy. "
31,Female,20-30 years,Student,Yes,Swiggy,Yes,3 times per week,Randomly,Swiggy Super,3.0,Column 1,,,Column 1,Food quality,7.0,more than 500,Neutral,More than 2 year,Yes,Swiggy. 
32,Male,15-20 years,Student,Yes,Zomato,Yes,Once per week,Randomly,Easy Diner,1.0,Column 1,,,,Food quality,7.0,<250,Satisfied,2 year,No,Zomato coz it's faster
33,Male,20-30 years,Student,Yes,Swiggy,Yes,3 times per week,Randomly,Zomato Gold,2.0,Column 1,Column 1,,,Food quality,8.0,more than 500,Satisfied,More than 2 year,Yes,Swiggy .... because of various reasons like dillivery discount and etc
34,Male,15-20 years,Student,,Swiggy,Yes,Daily,Randomly,Swiggy Super,5.0,Column 1,,,,Food quality,10.0,more than 500,Satisfied,More than 2 year,Yes,"Swiggy, beacause of its friendly customercare team."
35,Male,15-20 years,Student,Maybe,,No,,Randomly,,4.0,Column 1,,,,Food quality,,<150,Satisfied,6 months,,Zomato
36,Male,15-20 years,Student,,Swiggy,Yes,Daily,Randomly,Swiggy Super,5.0,Column 1,,,,Food quality,10.0,more than 500,Satisfied,More than 2 year,Yes,"Swiggy, beacause of its friendly customercare team."
37,Male,20-30 years,Student,Maybe,Swiggy,No,,Randomly,Zomato Gold,3.0,,,,Column 1,Food quality,7.0,<250,Satisfied,More than 2 year,No,"Zomato, Because its cheaper and has more variety."
38,Female,20-30 years,Student,Yes,Swiggy,Maybe,Once per week,Randomly,Swiggy Super,1.0,,Column 1,,,Food quality,6.0,more than 500,Neutral,2 year,No,Swiggy
39,Male,15-20 years,Student,,Swiggy,Yes,Daily,Randomly,Swiggy Super,5.0,Column 1,,,,Food quality,10.0,more than 500,Satisfied,More than 2 year,Yes,"Swiggy, beacause of its friendly customercare team."
40,Female,40-50 years,Private,Yes,Swiggy,No,Once per week,Randomly,Swiggy Super,5.0,Column 1,,,,Food quality,9.0,<500,Satisfied,1 year,No,Swiggy as they cooperate with customers when there is any problem faced
41,Male,15-20 years,Student,Yes,Zomato,No,Once per week,Randomly,Zomato Gold,5.0,Column 1,,,,Food quality,10.0,<250,Highly Satisfied,More than 2 year,No,Swiggy good food quality
42,Male,20-30 years,Student,Yes,Swiggy,Maybe,Once per week,Weekends,Swiggy Super,5.0,Column 1,,,,Quick Delivery,10.0,<250,Satisfied,More than 2 year,Yes,Both Bro!! It depends on the deals 
43,Female,15-20 years,Student,Yes,Swiggy,Yes,3 times per week,Weekends,Swiggy Super,5.0,Column 1,,,Column 1,Food quality,8.0,<250,Satisfied,More than 2 year,Yes,Simply because Swiggy cares about their customers and Zomato doesn't.
44,Female,15-20 years,Student,Yes,Swiggy,Yes,3 times per week,Weekends,Swiggy Super,5.0,Column 1,,,Column 1,Food quality,8.0,<250,Satisfied,More than 2 year,Yes,Simply because Swiggy cares about their customers and Zomato doesn't.
45,Female,20-30 years,Student,Yes,Swiggy,Maybe,Once per week,Randomly,Dineout,5.0,Column 1,,Column 1,Column 1,Accurate pricing,9.0,<500,Highly Satisfied,6 months,Yes,"Both of them provide good food delivery services. Still, I prefer Swiggy over Zomato from my past experiences."
46,Female,15-20 years,Student,Yes,Swiggy,No,Once per week,Randomly,Swiggy Super,3.0,,Column 1,,,Food quality,10.0,more than 500,Satisfied,1 year,No,Swiggy. As i like swiggy's fast delivery 😊
47,Male,20-30 years,Student,Yes,Swiggy,Maybe,Once per week,Randomly,Zomato Gold,4.0,Column 1,,Column 1,Column 1,Food quality,8.0,<500,Satisfied,6 months,Maybe,I prefer swiGgy
48,Female,15-20 years,Student,Yes,Swiggy,Maybe,,Randomly,,2.0,,Column 1,Column 1,,Food quality,9.0,<500,Satisfied,1 year,Yes,"I prefer zomato now, due to the recent controversy in swiggy"
49,Female,20-30 years,Employee,Yes,Zomato,No,Once per week,Randomly,Dineout,2.0,,,Column 1,Column 1,Accurate pricing,6.0,<500,Satisfied,2 year,No,"Zomato,because i see more options. I have been recently using swiggy instamart which i love  ."
50,Female,50+ year,Private,Yes,Swiggy,Yes,Once per week,Randomly,Swiggy Super,1.0,,Column 1,,,Quick Delivery,10.0,<500,Satisfied,6 months,No,Swiggy
51,Male,20-30 years,Student,Yes,Swiggy,No,Once per week,Randomly,,5.0,Column 1,Column 1,,Column 1,Food quality,7.0,<250,Satisfied,1 year,Maybe,It depends on the discount provided.
52,Male,20-30 years,Student,Yes,Swiggy,Yes,Daily,Randomly,Swiggy Super,5.0,Column 1,,Column 1,,Food quality,10.0,more than 500,Highly Satisfied,More than 2 year,Yes,The food is always delivered hot and at time. The delivery boys take nice care of hygiene. It is very nice app and mostly all the restaurants are available. even when I order food from restaurants that are far from my house the food is delivered very fast.
53,Male,15-20 years,Student,Yes,Swiggy,Maybe,Once per week,Weekends,Easy Diner,5.0,Column 1,,,Column 1,Food quality,9.0,<250,Satisfied,2 year,Yes,"Swiggy is an easy go-to the application whenever you are busy or not in a mood to cook, you can always choose Swiggy"
54,Male,20-30 years,Student,Yes,Swiggy,Yes,3 times per week,Randomly,Swiggy Super,5.0,Column 1,Column 1,Column 1,,Food quality,10.0,<500,Highly Satisfied,2 year,Yes,"fav foodie app of my family, the deals and the offers they give and they give delivery options at every place and every favorite restaurant I need in my location so that I can eat happily .it saves me a lot of time from cooking so that I will complete my works in less time, the prices are not also much high."
55,Male,15-20 years,Student,Yes,Swiggy,Yes,Once per week,Weekends,Swiggy Super,5.0,Column 1,Column 1,Column 1,Column 1,Quick Delivery,9.0,<250,Satisfied,1 year,Yes,Delivery is really fast and they provide feature which helps in tracking the delivery guy which is deployed in a way that it is very precise. overall experience with swiggy is always good .
56,Female,15-20 years,Student,Yes,Swiggy,Yes,3 times per week,Randomly,Easy Diner,5.0,Column 1,,Column 1,,Quick Delivery,9.0,more than 500,Highly Satisfied,1 year,Yes,"Food on door. Cheap and tasty. Healthy too, Fast delivery. Good customer service and most restaurants are linked to swiggy which makes the menu and food availabilities a great delight."
57,Male,15-20 years,Student,Yes,Swiggy,Yes,Once per week,Weekends,,4.0,,,,Column 1,,9.0,<500,Highly Satisfied,More than 2 year,Yes,Swiggy- ive been using it since a long time and the user interface of the app is good
58,Male,20-30 years,Student,Yes,Swiggy,Yes,Once per week,Weekends,Swiggy Super,5.0,Column 1,,Column 1,Column 1,Food quality,7.0,<250,Satisfied,6 months,Yes,"They have a wide range and variety of hotels, I can just sit at the home and see the menu of each and every hotel available in swiggy which I so cool feature to have."
59,Female,20-30 years,Employee,Yes,Swiggy,Yes,3 times per week,Randomly,,5.0,Column 1,,,Column 1,Food quality,10.0,more than 500,Highly Satisfied,More than 2 year,Yes,"the meal completer,it saved a lot of my time, sometimes i get late while going to the office it makes me to skip my supper, but when swiggy came on, my health is also safe thank you swiggy"
60,Female,15-20 years,Student,Yes,Swiggy,Yes,3 times per week,Randomly,Swiggy Super,5.0,Column 1,,,Column 1,Food quality,9.0,<500,Highly Satisfied,2 year,Yes,"What most i like about swiggy is OFFERS, they are providing lots of offers to user frequently which very useful for user to make order foods online..cool "
61,Female,15-20 years,Student,Yes,Zomato,Yes,Once per week,When I have guests at home,Swiggy Super,3.0,,Column 1,,,Food quality,6.0,<500,Satisfied,2 year,Maybe,"Zomato, less delivery time"
62,Male,15-20 years,Student,Yes,Swiggy,Maybe,Once per week,When there is offer during the occasion,Dineout,5.0,Column 1,,Column 1,Column 1,Food quality,10.0,more than 500,Highly Satisfied,2 year,Yes,i use this service frequently such a way that each and delivery you make gives me the best in taste and food quality is being very good towards customers 
63,Female,15-20 years,Student,Yes,Swiggy,Yes,Daily,Randomly,Swiggy Super,5.0,Column 1,,,Column 1,Packaging ,10.0,more than 500,Highly Satisfied,2 year,Yes,Swiggy Fast Delivery Boss 🔥
64,Male,20-30 years,Student,Yes,Swiggy,,Daily,Randomly,Swiggy Super,5.0,Column 1,,Column 1,Column 1,Food quality,10.0,more than 500,Satisfied,1 year,Yes,Ease of use
65,Female,15-20 years,Student,Maybe,I call the restaurant directly,No,,Randomly,,2.0,,,,Column 1,Quick Delivery,9.0,<500,Neutral,1 year,Yes,I can't really answer this question because i have never ordered through zomato.   :|
66,Male,20-30 years,Employee,Yes,Swiggy,Maybe,Once per week,Randomly,Swiggy Super,4.0,Column 1,,,,Food quality,10.0,<500,Highly Satisfied,More than 2 year,No,SWIGGY gives lots of discounts
67,Female,20-30 years,Student,Yes,Swiggy,Yes,3 times per week,When there is offer during the occasion,Swiggy Super,5.0,,Column 1,,,Food quality,9.0,<250,Satisfied,6 months,No,I'm loyal to SWIGGY
68,Male,20-30 years,Student,Yes,Swiggy,Maybe,Once per week,Randomly,Swiggy Super,4.0,,,,Column 1,Food quality,9.0,<500,Highly Satisfied,1 year,No,I prefer SWIGGY
69,Male,20-30 years,Student,Yes,Swiggy,Yes,3 times per week,Randomly,Swiggy Super,4.0,Column 1,Column 1,,,Food quality,10.0,<500,Satisfied,6 months,Maybe,SWIGGY is good
70,Male,20-30 years,Private,Yes,Swiggy,No,Once per week,Randomly,Swiggy Super,4.0,Column 1,Column 1,Column 1,Column 1,Food quality,10.0,<500,Satisfied,1 year,Yes,SWIGGY gives offer
71,Male,15-20 years,Student,Yes,Swiggy,Yes,Once per week,Randomly,Swiggy Super,5.0,Column 1,,Column 1,Column 1,Food quality,10.0,more than 500,Highly Satisfied,2 year,Yes,"Swiggy is very good platform to order food ,its service is very quick. There are lots of information of restaurants available on its app, you can choose any restaurant to place your order!"
72,Male,20-30 years,Student,Yes,Swiggy,Yes,Daily,Randomly,Swiggy Super,4.0,Column 1,,,Column 1,Quick Delivery,10.0,more than 500,Satisfied,More than 2 year,Yes,Very useful app for ordering app hot and delicious food
73,Male,15-20 years,Student,Yes,Swiggy,Yes,3 times per week,Weekends,Swiggy Super,5.0,Column 1,,,Column 1,,10.0,more than 500,Highly Satisfied,1 year,Yes,it is great for before time delivery 
74,Female,20-30 years,Business,Yes,Swiggy,Yes,Daily,Randomly,Swiggy Super,5.0,Column 1,,,Column 1,Food quality,10.0,more than 500,Highly Satisfied,More than 2 year,Yes,"User friendly interface, best offers, real time status of restaurent and delivery agents, & swiggy gold gives awesome experience."
75,Male,15-20 years,Student,Yes,Swiggy,Yes,Once per week,Weekends,Easy Diner,3.0,Column 1,,Column 1,Column 1,Food quality,7.0,<250,Neutral,1 year,Yes,"it is good ,but I would love to see improvement in its interface there is no other thing that I dislike about swiggy"
76,Male,15-20 years,Student,Yes,Swiggy,Yes,Daily,Weekends,Swiggy Super,5.0,Column 1,Column 1,,Column 1,Food quality,10.0,more than 500,Highly Satisfied,2 year,Maybe,"Handy app which makes it easy to choose from the menu of various restaurants in the city, the prices are affordable, and the service is excellent"
77,Male,15-20 years,Student,Yes,Swiggy,Maybe,Once per week,When I have guests at home,Swiggy Super,5.0,Column 1,,,Column 1,Food quality,10.0,more than 500,Highly Satisfied,2 year,Yes,"From placing order to live tracking, everything is just magic being an India brand, it's still one of quality app I have ever used."
78,Male,15-20 years,Student,Yes,Swiggy,Yes,3 times per week,Randomly,Swiggy Super,4.0,Column 1,Column 1,,Column 1,Food quality,8.0,more than 500,Neutral,6 months,Yes,"Best part is that you can order food online from your favourite restaurant with ease, you can get special discounts from restaurants,you can select a range of menu easily."
79,Male,15-20 years,Student,Yes,Swiggy,Yes,3 times per week,Randomly,Swiggy Super,5.0,Column 1,Column 1,Column 1,Column 1,Food quality,9.0,more than 500,Satisfied,1 year,Yes,We prefer to order food now online especially during the big crisis.
80,Male,15-20 years,Student,Yes,Swiggy,Yes,Daily,Randomly,Swiggy Super,5.0,Column 1,,Column 1,Column 1,Food quality,10.0,<500,Highly Satisfied,1 year,Yes,It is a go to option for whenever you are in no mood to cook food.
81,Male,15-20 years,Student,Yes,Swiggy,Yes,3 times per week,Randomly,Swiggy Super,5.0,Column 1,Column 1,,Column 1,Food quality,10.0,more than 500,Highly Satisfied,1 year,Yes,"They can easily find my location and deliver the parcel and the delivery time is also very fast,there are is no delay in the delivery. the food is of good taste and quality"
82,Male,15-20 years,Student,Yes,Swiggy,Yes,3 times per week,Randomly,Swiggy Super,5.0,Column 1,Column 1,,Column 1,Food quality,10.0,more than 500,Highly Satisfied,2 year,Yes,"We can locate the delivary boy from the time our order is placed,we can also call the delivary boy for better communication, it also helps to choose the best restaurent near you"
83,Male,20-30 years,Student,Yes,Swiggy,Maybe,Once per week,When I have guests at home,Easy Diner,4.0,Column 1,,Column 1,,Food quality,9.0,<500,Satisfied,1 year,Maybe,You can get delivered your food anywhere as it is available in most of the cities
84,Male,15-20 years,Student,Yes,Swiggy,No,,When I have guests at home,Easy Diner,3.0,Column 1,,Column 1,,Food quality,9.0,<250,Neutral,6 months,Maybe,user-friendly application and it shows the best deals available
85,Male,20-30 years,Business,Yes,Swiggy,Yes,3 times per week,Randomly,Swiggy Super,5.0,Column 1,Column 1,,Column 1,Food quality,10.0,more than 500,Highly Satisfied,2 year,Yes,Fast delivery & good customer service
86,Female,15-20 years,Student,Yes,Swiggy,Yes,Once per week,Randomly,Dineout,4.0,Column 1,,Column 1,,Accurate pricing,8.0,<250,Satisfied,1 year,Yes,"It doesn't get any delay in food for the ordered customers, it comes in a perfect time frame"
87,Male,15-20 years,Student,Yes,Swiggy,Yes,Once per week,Randomly,Swiggy Super,5.0,Column 1,,Column 1,Column 1,Food quality,9.0,<500,Neutral,1 year,Yes,meal completer
88,Male,15-20 years,Student,Yes,Swiggy,Yes,3 times per week,Weekends,Swiggy Super,5.0,Column 1,Column 1,,Column 1,Food quality,9.0,more than 500,Highly Satisfied,1 year,Yes,"Good service and quick delivery :) The food was also really good, me and my friends enjoyed it so much"
89,Male,15-20 years,Student,Yes,Swiggy,Maybe,Once per week,When there is offer during the occasion,Swiggy Super,4.0,Column 1,,Column 1,Column 1,Food quality,7.0,<500,Satisfied,1 year,Yes,Services 10/10
90,Female,15-20 years,Student,Maybe,I call the restaurant directly,Maybe,Once per week,Randomly,Dineout,2.0,,Column 1,,,Quick Delivery,2.0,<150,Neutral,1 year,Yes,Zomato
91,,,,,,,,,,,,,,,,9.0,,,,,
92,,,,,,,,,,,,,,,,8.0,,,,,
93,,,,,,,,,,,,,,,,10.0,,,,,
